{
    "char_f1": 0.1593000000000002,
    "exact_match": 0.026,
    "elapsed_time": 871.980015807
}