"Dept","Store","RMSE","Sample Size"
"13","8","975.1029052734","6"
"13","1","1160.0377197266","6"
"8","13","1434.4395751953","6"
"8","19","1807.2359619141","6"
"13","31","1839.1245117188","6"
"4","4","2110.9418945312","6"
