{
    "exact_match": 0.5764075067024129,
    "elapsed_time": 1344.026456089
}