"Dept","Store","RMSE","Sample Size"
"13","1","1151.0346679688","6"
"13","8","1300.9909667969","6"
"8","13","1555.4019775391","6"
"4","4","1846.0341796875","6"
"13","31","2015.6469726562","6"
"8","19","2260.3969726562","6"
