{
    "exact_match": 0.5138516532618409,
    "elapsed_time": 240.1306263040001
}