{
    "win_rate": {
        "h2o_danube3": 50.0,
        "h2o_danube3_ja": 50.0
    },
    "bradley_terry": {
        "h2o_danube3": 1000.0000000217148,
        "h2o_danube3_ja": 999.9999999782852
    },
    "elapsed_time": 6346.223801976999
}