{
    "char_f1": 0.15274000000000026,
    "exact_match": 0.02,
    "elapsed_time": 187.83678687600013
}