{
    "win_rate": {
        "h2o_danube3": 80.9375,
        "h2o_danube3_ja": 19.0625
    },
    "bradley_terry": {
        "h2o_danube3": 1125.5939858311726,
        "h2o_danube3_ja": 874.4060141688273
    },
    "elapsed_time": 665.396879074
}